devastating attacks	0.177400603890419
log server	0.18782280385494232
AI-based fraud protection	0.26253971457481384
prevention-first strategy	0.08055651932954788
R80 console	0.08973774313926697
SandBlast network	0.10331163555383682
policies	0.3202439546585083
browsing workflows	0.08056822419166565
best zero-day protection	0.3028203845024109
phishing	0.44536566734313965
processing	0.28792068362236023
SIEM	0.15591683983802795
such critical limitations	0.0931977927684784
need	0.20320145785808563
Top notch research	0.09699559956789017
latest threats	0.2976371645927429
unknown ransomware	0.24590842425823212
multiple attack vectors	0.13781219720840454
ZERO-DAY PROTECTION	0.4420897662639618
advanced email protections	0.2762841284275055
security policies	0.6106608510017395
logs	0.18087202310562134
associated file signatures	0.10857092589139938
"8,3001 new, previously undiscovered cyber attacks"	0.20226575434207916
damage	0.26526179909706116
HVAC systems	0.15430355072021484
runtime behaviors	0.1006123423576355
instant alerts	0.2926754355430603
Current SIEM	0.08781061321496964
Click-Time Protection	0.3077496886253357
world’s best malware catch rate	0.10018744319677353
threat intelligence	0.4527074992656708
"real-time, security"	0.5170236229896545
defense	0.3069821298122406
email links	0.2461477816104889
zero day protection	0.23708999156951904
malicious files	0.31177037954330444
latest features	0.16409289836883545
visibility	0.33356478810310364
network	0.3130895495414734
regulatory mandates	0.12695714831352234
email	0.3224017322063446
view	0.18539154529571533
power	0.25986790657043457
1.5 seconds	0.11830376833677292
time	0.1996004730463028
best AV solutions	0.16619740426540375
Sandblast Network	0.10331163555383682
malware families	0.26061496138572693
worldwide breaches3	0.04545942321419716
threat extraction	0.32998695969581604
files	0.31647178530693054
threats	0.3784611225128174
traditional sandboxes	-0.019048547372221947
unacceptable delays	0.09976793825626373
emails	0.3601089119911194
AI-Generated Threat Emulation Verdicts	0.0808173194527626
uninterrupted business flow	0.03404047712683678
newest threats	0.29156845808029175
"numerous innovative, proprietary technologies"	-0.044883064925670624
SandBlast Network SIEM platform	0.015882128849625587
CHECK POINT	0.18580739200115204
web downloads	0.2839469909667969
moment	0.2087678462266922
revolutionary AI	0.09270374476909637
suspicious files	0.2884351313114166
protected assets	0.35759925842285156
enterprise users	0.18955598771572113
administration	0.3031686842441559
documents	0.3530410826206207
Threat Extraction	0.32998695969581604
aspects	0.24759478867053986
networks	0.30022692680358887
AI-based phishing protection	0.37762561440467834
actionable intelligence	0.4021141827106476
Hundreds of millions	0.0341552197933197
cyberattacks	0.5356408357620239
combination	0.23160788416862488
broad range	0.14275839924812317
existing indicators	0.05625474825501442
remediation	0.21984899044036865
zero-day phishing and social engineering attacks	0.27986598014831543
SandBlast Network	0.10331163555383682
nation states	0.14518707990646362
advantages	0.28310295939445496
risk	0.3983878791332245
wild	0.17582464218139648
detection-first strategy	0.094681017100811
up to 70%	0.07581987977027893
rules-based engines	0.06826262176036835
email and web downloads	0.2016180455684662
effective security	0.5821649432182312
four billion security decisions	0.2501031756401062
record speed	0.15702353417873383
cloud	0.19922921061515808
specific network segment	0.11192964017391205
cyber attack data	0.46496352553367615
deep CPU-level emulation	-0.06624933332204819
internal network etc	0.12934370338916779
sender	0.26336541771888733
zero-day phishing	0.3381061553955078
several approaches	0.048341263085603714
analysis	0.2573162615299225
datacenters	0.22976014018058777
integrated document and image sanitization solution	0.04468446969985962
AI heuristics	0.19825002551078796
Compliance	0.3358439803123474
broad integration ecosystem	0.003819325240328908
zero-day malware	0.2813718318939209
malware	0.40299394726753235
optimal network performance	0.07144876569509506
largest repository	0.0878528282046318
default	0.16077132523059845
IOCs	0.20885303616523743
policy updates	0.3094674348831177
half	0.1351367086172104
cameras	0.255668967962265
policy changes	0.19993430376052856
Check Point Research Labs	0.006936517544090748
only line	0.12062881141901016
compliance stance	0.23447178304195404
web	0.3257787823677063
reporting	0.337991863489151
audit-ready reports	0.16808652877807617
powerful zero-day protection	0.3016890585422516
LIMITATIONS	0.2633727788925171
you	0.1469598263502121
URL reputation	0.2412734031677246
INTUITIVE MANAGEMENT SandBlast Network	0.008608808740973473
bandwidth	0.3036783039569855
broad array	0.18662501871585846
links	0.20958156883716583
industry	0.275949090719223
business	0.3183532953262329
94%	0.09178472310304642
only zero-day protection solution	0.19508710503578186
other core security solutions	0.2675186097621918
malicious content	0.33476781845092773
best threat intelligence	0.2897984981536865
malware evasion techniques	0.20818421244621277
SANDBLAST NETWORK	0.10331163555383682
enterprise	0.19806846976280212
clean and reconstructed versions	-0.09125840663909912
they	0.16680006682872772
Check Point	0.18580739200115204
advanced forensics	0.15147686004638672
Easy-to-use best practices	-0.03438681364059448
MITRE	0.15937627851963043
YOU	0.1469598263502121
users	0.24935637414455414
Mac devices	0.17499683797359467
exhaustive AI engines	0.046918049454689026
prevention	0.4190710783004761
user activity	0.26444998383522034
best2 zero-day protection	0.29220011830329895
single click setup4	-0.021812399849295616
evasion-resistant threat emulation	0.09749031811952591
ThreatCloud	0.14327000081539154
ThreatCloud – Dynamic Threat Intelligence Repository	0.1601058393716812
actionable configuration guidelines	0.09857267886400223
gold standard	0.14023809134960175
millions	0.13791760802268982
private threat intelligence	0.3698093891143799
file types	0.18067403137683868
vast network	0.15822523832321167
’ mailbox	0.2399427890777588
browsing	0.23763304948806763
NUMBER	0.24585597217082977
technology	0.39303937554359436
multiple innovative technologies	0.05776631087064743
Threat Emulation	0.21043913066387177
BEC	0.15833283960819244
network segment	0.223292738199234
It	0.21655704081058502
auto-updated threat prevention engines	0.23736993968486786
cost-effective zero-day protection strategy	0.2388201206922531
rich rule-based engines	0.008992294780910015
world	0.19142311811447144
Network settings	0.24528300762176514
incident response	0.21689899265766144
true prevention-first strategy	0.02740487828850746
dedicated servers	0.07450313121080399
text	0.17969271540641785
data science	0.40880563855171204
agility	0.21962480247020721
best practice policies	0.011685686185956001
endpoints	0.20800012350082397
Trojans	0.25737014412879944
end	0.15968407690525055
government-grade compliance	0.1518973857164383
ZERO-DAY THREATS	0.356219083070755
first strategy	0.16489620506763458
OS-level inspection	0.10786625742912292
Pre-emptive User Protections	0.2960294187068939
evasive attacks	0.1255146861076355
SMOOTH BUSINESS PRODUCTIVITY	-0.014359516091644764
executables	0.27826255559921265
real time	0.1168893352150917
emulation	0.13332435488700867
antiphishing	0.2631893754005432
enterprise IoT	0.2761740982532501
parameters	0.29092279076576233
full visibility	0.19017621874809265
confidence	0.32803675532341003
zero-day threats	0.356219083070755
social engineering	0.2761363089084625
compromise	0.20051369071006775
elevators	0.15386047959327698
Endpoint security	0.5318240523338318
current infrastructure	0.16736270487308502
business productivity	0.13540171086788177
forensic reports	0.2391592562198639
efficient security management	0.39581161737442017
single conclusive AI-generated verdict	-0.08466362953186035
box	0.22581519186496735
perimeter	0.2382020503282547
recipient details	0.33215877413749695
clicks	0.23822426795959473
incoming email	0.29477807879447937
over 300 parameters	0.046039994806051254
breakthrough AI engines	0.07833743095397949
PC	0.19955776631832123
Point ThreatCloud	0.12231909483671188
Point	0.24236752092838287
fact	0.3198792636394501
COMMON NETWORK SECURITY APPROACHES	0.28209683299064636
NLP	0.18641237914562225
security teams	0.4942314326763153
advanced network forensics	0.1591525822877884
current email	0.21951907873153687
"anti-virus, firewalls"	0.4211788773536682
network perimeter	0.23361371457576752
investigation	0.3206564784049988
pre-emptive user protections	0.2960294187068939
organizations	0.2266017496585846
SandBlast Threat Extraction	0.14238208532333374
non-AI engines	0.06611663848161697
other email-based threats	0.15248465538024902
malware strains	0.29367467761039734
what	0.1552528440952301
SOC Workflows	0.1297955960035324
revolutionary AI engines	0.014436127617955208
automated policy configuration	0.06435248255729675
malicious links	0.2494836449623108
email messages	0.2852173149585724
guest network	0.2282191962003708
Natural Language Processing	0.06582783162593842
practical prevention	0.2787751257419586
e.g. data center	0.14320185780525208
"blazing-speed, AI-generated Threat Emulation verdicts"	0.09111746400594711
email attachments	0.2346426397562027
Conventional sandboxing solutions	0.03863333538174629
SOC infrastructure	0.21534012258052826
background	0.2863217890262604